Item,Kind,Level,Location,Circuit,Notes,Photo URL
Outlet by fridge,receptacle,Main,Kitchen,12,,
Under-cabinet lights,light,Main,Kitchen,14,GFCI upstream,
Pantry light,light,Main,Pantry,14,,https://example.com/img_0412.jpg
Mudroom outlet,outlet,Main,Mudroom,Kitchen 2,,
Attic fan,appliance,Attic,Attic,32,On a timer,
Dryer,appliance,Main,Laundry,2/4,,
Hall smoke detector,smoke detector,Upper,Hall,21,,
Porch light,light,Main,Porch,24,,
Refrigerator,appliance,Main,Kitchen,12,,
Sump pump,appliance,Bsmt,Utility,28,,
Bedroom smoke detector,smoke detector,Upper,Primary bedroom,17,,
Attic light,light,Attic,Attic,21,,
Attic outlet,outlet,Attic,Attic,21,,
Living room outlet 1,outlet,Main,Living room,14 + 21,,
Dining room outlet 1,outlet,Main,Dining room,27,,
Garage outlet 1,outlet,Main,Garage,22,"Two outlets,
on one box",
Entry & hall outlet 1,outlet,Main,Entry & hall,1/3,,
Kitchen outlet 1,outlet,Main,Kitchen,9,,
Half bath outlet 1,outlet,Main,Half bath,Furnace,,
Living room outlet 2,outlet,Main,Living room,15,"Says ""GFCI"" on it",
Dining room outlet 2,outlet,Main,Dining room,#16,,
Garage outlet 2,outlet,Main,Garage,22,,
Entry & hall outlet 2,outlet,Main,Entry & hall,21,,
Kitchen outlet 2,outlet,Main,Kitchen,9,,
Half bath outlet 2,outlet,Main,Half bath,16,,
Living room outlet 3,outlet,Main,Living room,15,,
Dining room outlet 3,outlet,Main,Dining room,27,,
Garage outlet 3,outlet,Main,Garage,22,,
Entry & hall outlet 3,outlet,Main,Entry & hall,21,,
Kitchen outlet 3,outlet,Main,Kitchen,9,,
Half bath outlet 3,outlet,Main,Half bath,16,,
Living room outlet 4,outlet,Main,Living room,15,,
Dining room outlet 4,outlet,Main,Dining room,27,,
Garage outlet 4,outlet,Main,Garage,22,,
Entry & hall outlet 4,outlet,Main,Entry & hall,21,,
Kitchen outlet 4,outlet,Main,Kitchen,9,,
Half bath outlet 4,outlet,Main,Half bath,16,,
Rec room outlet 1,outlet,Bsmt,Rec room,26,,
Storage outlet 1,outlet,Bsmt,Storage,25,,
Utility light 1,light,Bsmt,Utility,23,,
Rec room light 1,light,Bsmt,Rec room,26,,
Storage light 1,light,Bsmt,Storage,25,,
Utility light 2,light,Bsmt,Utility,23,,
Rec room light 2,light,Bsmt,Rec room,26,,
Storage light 2,light,Bsmt,Storage,25,,
Utility light 3,light,Bsmt,Utility,23,,
Rec room light 3,light,Bsmt,Rec room,26,,
Storage light 3,light,Bsmt,Storage,25,,
Utility light 4,light,Bsmt,Utility,23,,
Rec room light 4,light,Bsmt,Rec room,26,,
Primary bedroom light 1,light,Upper,Primary bedroom,17,,
Hall bath light 1,light,Upper,Hall bath,16,,
Upstairs hall switch 1,switch,Upper,Upstairs hall,21,,
Office switch 1,switch,Upper,Office,19,,
Bedroom 2 switch 1,switch,Upper,Bedroom 2,18,,
Primary bedroom switch 1,switch,Upper,Primary bedroom,17,,
Hall bath switch 1,switch,Upper,Hall bath,16,,
Upstairs hall switch 2,switch,Upper,Upstairs hall,21,,
Office switch 2,switch,Upper,Office,19,,
Bedroom 2 switch 2,switch,Upper,Bedroom 2,18,,
Primary bedroom switch 2,switch,Upper,Primary bedroom,17,,
Hall bath receptacle 1,receptacle,Upper,Hall bath,16,,
Upstairs hall receptacle 1,receptacle,Upper,Upstairs hall,21,,
Office receptacle 1,receptacle,Upper,Office,19,,
